{"cameraMode":{"drawMode":0,"name":"Shaded","section":"Shading Mode"},"sceneLighting":true,"audioPlay":false,"sceneViewState":{"showFog":true,"showMaterialUpdate":false,"showSkybox":false,"showFlares":true,"showImageEffects":true,"showParticleSystems":true},"in2DMode":false,"pivot":{"x":21.428302764892579,"y":20.02971076965332,"z":-29.531566619873048},"rotation":{"x":-0.1950393170118332,"y":0.2448066771030426,"z":-0.05034160614013672,"w":-0.9484171867370606},"size":10.325439453125,"orthographic":false}