{"cameraMode":{"drawMode":0,"name":"Shaded","section":"Shading Mode"},"sceneLighting":false,"audioPlay":false,"sceneViewState":{"showFog":false,"showMaterialUpdate":false,"showSkybox":false,"showFlares":false,"showImageEffects":false,"showParticleSystems":true},"in2DMode":false,"pivot":{"x":449.4560546875,"y":269.27764892578127,"z":-13.30419921875},"rotation":{"x":0.013169090263545514,"y":-0.006909088231623173,"z":-0.00009046669583767653,"w":-0.9998894333839417},"size":757.3099365234375,"orthographic":false}